Open Contracting ID,Entrega compilada:ID de Entrega,Entrega compilada:Licitación:ID de licitación,Entrega compilada:Licitación:Artículos que se adquirirán:ID,compiledRelease/tender/items/0/totalValue/exchangeRates/0/currency,compiledRelease/tender/items/0/totalValue/exchangeRates/0/rate,_mes_origen
ocds-dgv273-seacev3-1185582,ocds-dgv273-seacev3-1185582-2026-04-17T10:28:35.991012-05:00,1185582,21196959,PEN,3.35675,2026-01_seace_v3_csv_es
ocds-dgv273-seacev3-1185582,ocds-dgv273-seacev3-1185582-2026-04-17T10:28:35.991012-05:00,1185582,21196959,PEN,3.35675,2026-01_seace_v3_csv_es
ocds-dgv273-seacev3-2026-1926-19,ocds-dgv273-seacev3-2026-1926-19-2026-04-08T10:12:22.679406-05:00,1185929,21197283,PEN,3.35675,2026-01_seace_v3_csv_es
ocds-dgv273-seacev3-2026-1926-19,ocds-dgv273-seacev3-2026-1926-19-2026-04-08T10:12:22.679406-05:00,1185929,21197283,PEN,3.35675,2026-01_seace_v3_csv_es
ocds-dgv273-seacev3-1201816,ocds-dgv273-seacev3-1201816-2026-04-03T10:06:58.030525-05:00,1201816,21238829,PEN,3.35675,2026-01_seace_v3_csv_es
ocds-dgv273-seacev3-1201675,ocds-dgv273-seacev3-1201675-2026-04-02T10:14:06.973491-05:00,1201675,21238424,PEN,3.35675,2026-01_seace_v3_csv_es
ocds-dgv273-seacev3-2026-1926-16,ocds-dgv273-seacev3-2026-1926-16-2026-03-18T10:11:37.233937-05:00,1184445,21194190,PEN,3.35675,2026-01_seace_v3_csv_es
ocds-dgv273-seacev3-2026-1926-16,ocds-dgv273-seacev3-2026-1926-16-2026-03-18T10:11:37.233937-05:00,1184445,21194190,PEN,3.35675,2026-01_seace_v3_csv_es
ocds-dgv273-seacev3-1185166,ocds-dgv273-seacev3-1185166-2026-03-15T10:14:25.235157-05:00,1185166,21198530,PEN,3.35675,2026-01_seace_v3_csv_es
ocds-dgv273-seacev3-1185648,ocds-dgv273-seacev3-1185648-2026-03-11T10:12:43.181814-05:00,1185648,21199156,PEN,3.35675,2026-01_seace_v3_csv_es
ocds-dgv273-seacev3-1185648,ocds-dgv273-seacev3-1185648-2026-03-11T10:12:43.181814-05:00,1185648,21199156,PEN,3.35675,2026-01_seace_v3_csv_es
ocds-dgv273-seacev3-1191393,ocds-dgv273-seacev3-1191393-2026-03-07T10:04:35.985142-05:00,1191393,21211282,PEN,3.35675,2026-01_seace_v3_csv_es
ocds-dgv273-seacev3-1191393,ocds-dgv273-seacev3-1191393-2026-03-07T10:04:35.985142-05:00,1191393,21211282,PEN,3.35675,2026-01_seace_v3_csv_es
ocds-dgv273-seacev3-1188856,ocds-dgv273-seacev3-1188856-2026-02-28T10:10:12.893015-05:00,1188856,21204562,PEN,3.35675,2026-01_seace_v3_csv_es
ocds-dgv273-seacev3-1188856,ocds-dgv273-seacev3-1188856-2026-02-28T10:10:12.893015-05:00,1188856,21204562,PEN,3.35675,2026-01_seace_v3_csv_es
ocds-dgv273-seacev3-1185547,ocds-dgv273-seacev3-1185547-2026-02-15T09:57:21.841879-05:00,1185547,21196943,PEN,3.35675,2026-01_seace_v3_csv_es
ocds-dgv273-seacev3-1185678,ocds-dgv273-seacev3-1185678-2026-02-15T09:57:10.630248-05:00,1185678,21197032,PEN,3.35675,2026-01_seace_v3_csv_es
ocds-dgv273-seacev3-1185678,ocds-dgv273-seacev3-1185678-2026-02-15T09:57:10.630248-05:00,1185678,21197032,PEN,3.35675,2026-01_seace_v3_csv_es
ocds-dgv273-seacev3-2026-1926-11,ocds-dgv273-seacev3-2026-1926-11-2026-02-12T10:06:41.599482-05:00,1184783,21195555,PEN,3.35675,2026-01_seace_v3_csv_es
ocds-dgv273-seacev3-1185887,ocds-dgv273-seacev3-1185887-2026-02-06T10:03:25.738456-05:00,1185887,21197261,PEN,3.35675,2026-01_seace_v3_csv_es
ocds-dgv273-seacev3-1185555,ocds-dgv273-seacev3-1185555-2026-02-06T10:03:25.154721-05:00,1185555,21196952,PEN,3.35675,2026-01_seace_v3_csv_es
ocds-dgv273-seacev3-1185861,ocds-dgv273-seacev3-1185861-2026-02-05T10:04:03.626947-05:00,1185861,21199409,PEN,3.35675,2026-01_seace_v3_csv_es
ocds-dgv273-seacev3-1185451,ocds-dgv273-seacev3-1185451-2026-02-04T10:04:05.408642-05:00,1185451,21196903,PEN,3.35675,2026-01_seace_v3_csv_es
ocds-dgv273-seacev3-2026-20006-1,ocds-dgv273-seacev3-2026-20006-1-2026-02-04T10:04:00.921292-05:00,1184776,21195547,PEN,3.35675,2026-01_seace_v3_csv_es
ocds-dgv273-seacev3-2026-20006-1,ocds-dgv273-seacev3-2026-20006-1-2026-02-04T10:04:00.921292-05:00,1184776,21195546,PEN,3.35675,2026-01_seace_v3_csv_es
ocds-dgv273-seacev3-1185408,ocds-dgv273-seacev3-1185408-2026-01-30T10:02:49.984101-05:00,1185408,21198924,PEN,3.942131935,2026-01_seace_v3_csv_es
ocds-dgv273-seacev3-2026-1947-129,ocds-dgv273-seacev3-2026-1947-129-2026-01-30T10:02:49.854610-05:00,1185247,21198572,PEN,3.35675,2026-01_seace_v3_csv_es
ocds-dgv273-seacev3-2026-1947-130,ocds-dgv273-seacev3-2026-1947-130-2026-01-30T10:02:36.968753-05:00,1185102,21196521,PEN,3.35675,2026-01_seace_v3_csv_es
ocds-dgv273-seacev3-2026-1947-131,ocds-dgv273-seacev3-2026-1947-131-2026-01-30T10:02:29.466402-05:00,1185109,21196533,PEN,3.35675,2026-01_seace_v3_csv_es
ocds-dgv273-seacev3-1184382,ocds-dgv273-seacev3-1184382-2026-01-29T10:02:23.226606-05:00,1184382,21193836,PEN,3.35675,2026-01_seace_v3_csv_es
ocds-dgv273-seacev3-1184748,ocds-dgv273-seacev3-1184748-2026-01-29T10:01:50.509616-05:00,1184748,21195553,PEN,3.35675,2026-01_seace_v3_csv_es
ocds-dgv273-seacev3-1185173,ocds-dgv273-seacev3-1185173-2026-01-28T10:02:17.323521-05:00,1185173,21198540,PEN,3.35675,2026-01_seace_v3_csv_es
ocds-dgv273-seacev3-1185002,ocds-dgv273-seacev3-1185002-2026-01-23T10:02:37.081499-05:00,1185002,21195958,PEN,3.35675,2026-01_seace_v3_csv_es
ocds-dgv273-seacev3-1184494,ocds-dgv273-seacev3-1184494-2026-01-22T10:01:34.430330-05:00,1184494,21194462,PEN,3.35675,2026-01_seace_v3_csv_es
ocds-dgv273-seacev3-1184730,ocds-dgv273-seacev3-1184730-2026-01-18T09:55:14.465697-05:00,1184730,21195480,PEN,3.35675,2026-01_seace_v3_csv_es
ocds-dgv273-seacev3-1184357,ocds-dgv273-seacev3-1184357-2026-01-09T10:03:40.284452-05:00,1184357,21193831,PEN,3.35675,2026-01_seace_v3_csv_es
ocds-dgv273-seacev3-1186137,ocds-dgv273-seacev3-1186137-2026-07-30T10:06:39.299694-05:00,1186137,21197533,PEN,3.356975,2026-02_seace_v3_csv_es
ocds-dgv273-seacev3-1186697,ocds-dgv273-seacev3-1186697-2026-07-24T10:23:45.682443-05:00,1186697,21197978,PEN,3.356975,2026-02_seace_v3_csv_es
ocds-dgv273-seacev3-1186268,ocds-dgv273-seacev3-1186268-2026-07-23T10:29:04.691509-05:00,1186268,21199814,PEN,3.356975,2026-02_seace_v3_csv_es
ocds-dgv273-seacev3-1190700,ocds-dgv273-seacev3-1190700-2026-07-16T10:25:56.794157-05:00,1190700,21209779,PEN,3.356975,2026-02_seace_v3_csv_es
ocds-dgv273-seacev3-2026-2439-33,ocds-dgv273-seacev3-2026-2439-33-2026-07-08T12:24:34.503743-05:00,1187554,21201545,PEN,3.356975,2026-02_seace_v3_csv_es
ocds-dgv273-seacev3-2026-2439-33,ocds-dgv273-seacev3-2026-2439-33-2026-07-08T12:24:34.503743-05:00,1187554,21201545,PEN,3.356975,2026-02_seace_v3_csv_es
ocds-dgv273-seacev3-2026-2439-33,ocds-dgv273-seacev3-2026-2439-33-2026-07-08T12:24:34.503743-05:00,1187554,21201544,PEN,3.356975,2026-02_seace_v3_csv_es
ocds-dgv273-seacev3-2026-2439-33,ocds-dgv273-seacev3-2026-2439-33-2026-07-08T12:24:34.503743-05:00,1187554,21201544,PEN,3.356975,2026-02_seace_v3_csv_es
ocds-dgv273-seacev3-2026-20006-3,ocds-dgv273-seacev3-2026-20006-3-2026-06-25T10:28:02.640482-05:00,1189859,21207032,PEN,3.356975,2026-02_seace_v3_csv_es
ocds-dgv273-seacev3-2026-20006-3,ocds-dgv273-seacev3-2026-20006-3-2026-06-25T10:28:02.640482-05:00,1189859,21207032,PEN,3.356975,2026-02_seace_v3_csv_es
ocds-dgv273-seacev3-1186220,ocds-dgv273-seacev3-1186220-2026-06-21T10:12:25.215232-05:00,1186220,21197612,PEN,3.356975,2026-02_seace_v3_csv_es
ocds-dgv273-seacev3-2026-10248-11,ocds-dgv273-seacev3-2026-10248-11-2026-06-19T10:30:07.989522-05:00,1191976,21212658,PEN,3.356975,2026-02_seace_v3_csv_es
ocds-dgv273-seacev3-2026-10248-11,ocds-dgv273-seacev3-2026-10248-11-2026-06-19T10:30:07.989522-05:00,1191976,21212658,PEN,3.356975,2026-02_seace_v3_csv_es
ocds-dgv273-seacev3-2026-200018-6,ocds-dgv273-seacev3-2026-200018-6-2026-05-30T10:22:27.297529-05:00,1192079,21213100,PEN,3.356975,2026-02_seace_v3_csv_es
ocds-dgv273-seacev3-2026-200018-6,ocds-dgv273-seacev3-2026-200018-6-2026-05-30T10:22:27.297529-05:00,1192079,21213100,PEN,3.356975,2026-02_seace_v3_csv_es
ocds-dgv273-seacev3-2026-200018-6,ocds-dgv273-seacev3-2026-200018-6-2026-05-30T10:22:27.297529-05:00,1192079,21213099,PEN,3.356975,2026-02_seace_v3_csv_es
ocds-dgv273-seacev3-2026-200018-6,ocds-dgv273-seacev3-2026-200018-6-2026-05-30T10:22:27.297529-05:00,1192079,21213099,PEN,3.356975,2026-02_seace_v3_csv_es
ocds-dgv273-seacev3-2026-2439-32,ocds-dgv273-seacev3-2026-2439-32-2026-05-24T10:08:27.995879-05:00,1191561,21211607,PEN,3.356975,2026-02_seace_v3_csv_es
ocds-dgv273-seacev3-2026-2439-32,ocds-dgv273-seacev3-2026-2439-32-2026-05-24T10:08:27.995879-05:00,1191561,21211607,PEN,3.356975,2026-02_seace_v3_csv_es
ocds-dgv273-seacev3-2026-1998-1,ocds-dgv273-seacev3-2026-1998-1-2026-05-21T10:32:03.827064-05:00,1189757,21206607,PEN,3.356975,2026-02_seace_v3_csv_es
ocds-dgv273-seacev3-2026-1998-1,ocds-dgv273-seacev3-2026-1998-1-2026-05-21T10:32:03.827064-05:00,1189757,21206607,PEN,3.356975,2026-02_seace_v3_csv_es
ocds-dgv273-seacev3-1188442,ocds-dgv273-seacev3-1188442-2026-05-15T10:34:05.817945-05:00,1188442,21203668,PEN,3.356975,2026-02_seace_v3_csv_es
ocds-dgv273-seacev3-1208959,ocds-dgv273-seacev3-1208959-2026-05-07T10:36:21.753937-05:00,1208959,21258470,PEN,3.356975,2026-02_seace_v3_csv_es
ocds-dgv273-seacev3-2026-1926-9,ocds-dgv273-seacev3-2026-1926-9-2026-04-22T10:35:51.381759-05:00,1188557,21203949,PEN,3.356975,2026-02_seace_v3_csv_es
ocds-dgv273-seacev3-2026-1926-9,ocds-dgv273-seacev3-2026-1926-9-2026-04-22T10:35:51.381759-05:00,1188557,21203949,PEN,3.356975,2026-02_seace_v3_csv_es
ocds-dgv273-seacev3-2026-1926-25,ocds-dgv273-seacev3-2026-1926-25-2026-04-22T10:35:36.736590-05:00,1191071,21210506,PEN,3.356975,2026-02_seace_v3_csv_es
ocds-dgv273-seacev3-1191689,ocds-dgv273-seacev3-1191689-2026-04-22T10:35:30.803927-05:00,1191689,21211823,PEN,3.356975,2026-02_seace_v3_csv_es
ocds-dgv273-seacev3-1191689,ocds-dgv273-seacev3-1191689-2026-04-22T10:35:30.803927-05:00,1191689,21211823,PEN,3.356975,2026-02_seace_v3_csv_es
ocds-dgv273-seacev3-2026-1947-43,ocds-dgv273-seacev3-2026-1947-43-2026-04-03T10:06:56.305592-05:00,1190546,21209122,PEN,3.9699367225,2026-02_seace_v3_csv_es
ocds-dgv273-seacev3-1190415,ocds-dgv273-seacev3-1190415-2026-04-01T10:14:44.498267-05:00,1190415,21209064,PEN,3.356975,2026-02_seace_v3_csv_es
ocds-dgv273-seacev3-1190415,ocds-dgv273-seacev3-1190415-2026-04-01T10:14:44.498267-05:00,1190415,21209064,PEN,3.356975,2026-02_seace_v3_csv_es
ocds-dgv273-seacev3-1190415,ocds-dgv273-seacev3-1190415-2026-04-01T10:14:44.498267-05:00,1190415,21209063,PEN,3.356975,2026-02_seace_v3_csv_es
ocds-dgv273-seacev3-1190415,ocds-dgv273-seacev3-1190415-2026-04-01T10:14:44.498267-05:00,1190415,21209063,PEN,3.356975,2026-02_seace_v3_csv_es
ocds-dgv273-seacev3-1190877,ocds-dgv273-seacev3-1190877-2026-04-01T10:14:34.523841-05:00,1190877,21210192,PEN,3.356975,2026-02_seace_v3_csv_es
ocds-dgv273-seacev3-1190877,ocds-dgv273-seacev3-1190877-2026-04-01T10:14:34.523841-05:00,1190877,21210192,PEN,3.356975,2026-02_seace_v3_csv_es
ocds-dgv273-seacev3-1193482,ocds-dgv273-seacev3-1193482-2026-04-01T10:14:30.510344-05:00,1193482,21216502,PEN,3.356975,2026-02_seace_v3_csv_es
ocds-dgv273-seacev3-1193482,ocds-dgv273-seacev3-1193482-2026-04-01T10:14:30.510344-05:00,1193482,21216502,PEN,3.356975,2026-02_seace_v3_csv_es
ocds-dgv273-seacev3-1186495,ocds-dgv273-seacev3-1186495-2026-03-29T10:02:51.768828-05:00,1186495,21200129,PEN,3.356975,2026-02_seace_v3_csv_es
ocds-dgv273-seacev3-1191859,ocds-dgv273-seacev3-1191859-2026-03-28T10:10:16.678914-05:00,1191859,21212244,PEN,3.356975,2026-02_seace_v3_csv_es
ocds-dgv273-seacev3-1191859,ocds-dgv273-seacev3-1191859-2026-03-28T10:10:16.678914-05:00,1191859,21212244,PEN,3.356975,2026-02_seace_v3_csv_es
ocds-dgv273-seacev3-2026-1925-4,ocds-dgv273-seacev3-2026-1925-4-2026-03-27T10:15:56.783102-05:00,1190987,21210632,PEN,3.356975,2026-02_seace_v3_csv_es
ocds-dgv273-seacev3-2026-1925-4,ocds-dgv273-seacev3-2026-1925-4-2026-03-27T10:15:56.783102-05:00,1190987,21210632,PEN,3.356975,2026-02_seace_v3_csv_es
ocds-dgv273-seacev3-1188412,ocds-dgv273-seacev3-1188412-2026-03-19T10:12:40.251280-05:00,1188412,21203496,PEN,3.356975,2026-02_seace_v3_csv_es
ocds-dgv273-seacev3-1187968,ocds-dgv273-seacev3-1187968-2026-03-15T10:15:32.114488-05:00,1187968,21202995,PEN,3.356975,2026-02_seace_v3_csv_es
ocds-dgv273-seacev3-2026-1926-10,ocds-dgv273-seacev3-2026-1926-10-2026-03-15T10:15:21.714392-05:00,1187473,21201264,PEN,3.356975,2026-02_seace_v3_csv_es
ocds-dgv273-seacev3-1188404,ocds-dgv273-seacev3-1188404-2026-03-15T10:14:59.602775-05:00,1188404,21203642,PEN,3.356975,2026-02_seace_v3_csv_es
ocds-dgv273-seacev3-2026-1947-164,ocds-dgv273-seacev3-2026-1947-164-2026-03-11T10:13:25.292496-05:00,1187170,21198320,PEN,3.356975,2026-02_seace_v3_csv_es
ocds-dgv273-seacev3-2026-10249-70,ocds-dgv273-seacev3-2026-10249-70-2026-03-08T09:59:16.324026-05:00,1189211,21205277,PEN,3.356975,2026-02_seace_v3_csv_es
ocds-dgv273-seacev3-1191327,ocds-dgv273-seacev3-1191327-2026-03-07T10:04:57.708175-05:00,1191327,21211093,PEN,3.356975,2026-02_seace_v3_csv_es
ocds-dgv273-seacev3-2026-1922-33,ocds-dgv273-seacev3-2026-1922-33-2026-03-06T10:10:14.413596-05:00,1192509,21213998,PEN,3.356975,2026-02_seace_v3_csv_es
ocds-dgv273-seacev3-2026-1922-12,ocds-dgv273-seacev3-2026-1922-12-2026-03-06T10:10:14.109711-05:00,1192540,21214016,PEN,3.356975,2026-02_seace_v3_csv_es
ocds-dgv273-seacev3-2026-1947-163,ocds-dgv273-seacev3-2026-1947-163-2026-03-06T10:10:02.638380-05:00,1191358,21211144,PEN,3.356975,2026-02_seace_v3_csv_es
ocds-dgv273-seacev3-2026-2436-9,ocds-dgv273-seacev3-2026-2436-9-2026-03-06T10:09:42.104106-05:00,1189383,21205680,PEN,3.356975,2026-02_seace_v3_csv_es
ocds-dgv273-seacev3-1192078,ocds-dgv273-seacev3-1192078-2026-03-06T10:09:31.801768-05:00,1192078,21212745,PEN,3.356975,2026-02_seace_v3_csv_es
ocds-dgv273-seacev3-1191152,ocds-dgv273-seacev3-1191152-2026-03-05T10:11:05.831536-05:00,1191152,21210633,PEN,3.356975,2026-02_seace_v3_csv_es
ocds-dgv273-seacev3-2026-2426-26,ocds-dgv273-seacev3-2026-2426-26-2026-03-05T10:11:02.443513-05:00,1187280,21200835,PEN,3.356975,2026-02_seace_v3_csv_es
ocds-dgv273-seacev3-2026-10249-99,ocds-dgv273-seacev3-2026-10249-99-2026-03-05T10:10:53.335129-05:00,1188738,21204292,PEN,3.356975,2026-02_seace_v3_csv_es
ocds-dgv273-seacev3-1191991,ocds-dgv273-seacev3-1191991-2026-03-04T10:08:38.275615-05:00,1191991,21212857,PEN,3.356975,2026-02_seace_v3_csv_es
ocds-dgv273-seacev3-1192035,ocds-dgv273-seacev3-1192035-2026-03-04T10:08:27.584983-05:00,1192035,21212925,PEN,3.356975,2026-02_seace_v3_csv_es
ocds-dgv273-seacev3-2026-1947-7,ocds-dgv273-seacev3-2026-1947-7-2026-03-04T10:08:16.511608-05:00,1191731,21211926,PEN,3.356975,2026-02_seace_v3_csv_es
ocds-dgv273-seacev3-1192014,ocds-dgv273-seacev3-1192014-2026-03-04T10:08:15.791330-05:00,1192014,21212699,PEN,3.356975,2026-02_seace_v3_csv_es
ocds-dgv273-seacev3-1191693,ocds-dgv273-seacev3-1191693-2026-03-01T09:59:22.431724-05:00,1191693,21211858,PEN,3.356975,2026-02_seace_v3_csv_es
ocds-dgv273-seacev3-1191623,ocds-dgv273-seacev3-1191623-2026-03-01T09:59:22.394528-05:00,1191623,21211753,PEN,3.356975,2026-02_seace_v3_csv_es
ocds-dgv273-seacev3-1191672,ocds-dgv273-seacev3-1191672-2026-03-01T09:59:18.429450-05:00,1191672,21211852,PEN,3.356975,2026-02_seace_v3_csv_es
ocds-dgv273-seacev3-1191688,ocds-dgv273-seacev3-1191688-2026-03-01T09:59:18.122290-05:00,1191688,21211835,PEN,3.356975,2026-02_seace_v3_csv_es
ocds-dgv273-seacev3-1191593,ocds-dgv273-seacev3-1191593-2026-03-01T09:59:16.325575-05:00,1191593,21211747,PEN,3.356975,2026-02_seace_v3_csv_es
ocds-dgv273-seacev3-1191691,ocds-dgv273-seacev3-1191691-2026-03-01T09:59:09.478132-05:00,1191691,21211849,PEN,3.356975,2026-02_seace_v3_csv_es
ocds-dgv273-seacev3-2026-200344-34,ocds-dgv273-seacev3-2026-200344-34-2026-03-01T09:58:57.727960-05:00,1191423,21211305,PEN,3.356975,2026-02_seace_v3_csv_es
ocds-dgv273-seacev3-1190545,ocds-dgv273-seacev3-1190545-2026-02-28T10:11:23.421681-05:00,1190545,21209121,PEN,3.356975,2026-02_seace_v3_csv_es
ocds-dgv273-seacev3-1191116,ocds-dgv273-seacev3-1191116-2026-02-28T10:11:13.000141-05:00,1191116,21210628,PEN,3.356975,2026-02_seace_v3_csv_es
ocds-dgv273-seacev3-1189584,ocds-dgv273-seacev3-1189584-2026-02-28T10:11:01.724734-05:00,1189584,21206337,PEN,3.356975,2026-02_seace_v3_csv_es
ocds-dgv273-seacev3-1191100,ocds-dgv273-seacev3-1191100-2026-02-28T10:10:50.453518-05:00,1191100,21210541,PEN,3.356975,2026-02_seace_v3_csv_es
ocds-dgv273-seacev3-1191104,ocds-dgv273-seacev3-1191104-2026-02-28T10:10:37.069064-05:00,1191104,21210596,PEN,3.356975,2026-02_seace_v3_csv_es
ocds-dgv273-seacev3-1190727,ocds-dgv273-seacev3-1190727-2026-02-28T10:10:26.383589-05:00,1190727,21209801,PEN,3.356975,2026-02_seace_v3_csv_es
ocds-dgv273-seacev3-1190389,ocds-dgv273-seacev3-1190389-2026-02-28T10:10:26.318195-05:00,1190389,21208858,PEN,3.356975,2026-02_seace_v3_csv_es
ocds-dgv273-seacev3-2026-1922-10,ocds-dgv273-seacev3-2026-1922-10-2026-02-26T10:09:24.325630-05:00,1190221,21208257,PEN,3.356975,2026-02_seace_v3_csv_es
ocds-dgv273-seacev3-1190158,ocds-dgv273-seacev3-1190158-2026-02-25T10:09:03.321670-05:00,1190158,21208367,PEN,3.356975,2026-02_seace_v3_csv_es
ocds-dgv273-seacev3-1186218,ocds-dgv273-seacev3-1186218-2026-02-22T09:58:47.973759-05:00,1186218,21197607,PEN,3.9699367225,2026-02_seace_v3_csv_es
ocds-dgv273-seacev3-1189435,ocds-dgv273-seacev3-1189435-2026-02-22T09:58:44.782034-05:00,1189435,21205942,PEN,3.356975,2026-02_seace_v3_csv_es
ocds-dgv273-seacev3-1188860,ocds-dgv273-seacev3-1188860-2026-02-21T10:03:20.522344-05:00,1188860,21204555,PEN,3.356975,2026-02_seace_v3_csv_es
ocds-dgv273-seacev3-2026-1947-348,ocds-dgv273-seacev3-2026-1947-348-2026-02-21T10:02:33.776964-05:00,1188631,21204115,PEN,3.356975,2026-02_seace_v3_csv_es
ocds-dgv273-seacev3-1188751,ocds-dgv273-seacev3-1188751-2026-02-20T10:10:04.790481-05:00,1188751,21204336,PEN,3.356975,2026-02_seace_v3_csv_es
ocds-dgv273-seacev3-1186885,ocds-dgv273-seacev3-1186885-2026-02-15T09:57:28.992718-05:00,1186885,21200596,PEN,3.356975,2026-02_seace_v3_csv_es
ocds-dgv273-seacev3-1186704,ocds-dgv273-seacev3-1186704-2026-02-15T09:57:28.795387-05:00,1186704,21200299,PEN,3.356975,2026-02_seace_v3_csv_es
ocds-dgv273-seacev3-2026-1947-41,ocds-dgv273-seacev3-2026-1947-41-2026-02-15T09:57:07.183489-05:00,1186110,21199626,PEN,3.356975,2026-02_seace_v3_csv_es
ocds-dgv273-seacev3-2026-1947-324,ocds-dgv273-seacev3-2026-1947-324-2026-02-14T10:02:21.798367-05:00,1187250,21200820,PEN,3.9699367225,2026-02_seace_v3_csv_es
ocds-dgv273-seacev3-1187542,ocds-dgv273-seacev3-1187542-2026-02-13T10:05:09.102000-05:00,1187542,21201375,PEN,3.356975,2026-02_seace_v3_csv_es
ocds-dgv273-seacev3-1187281,ocds-dgv273-seacev3-1187281-2026-02-12T10:06:06.252002-05:00,1187281,21198371,PEN,3.356975,2026-02_seace_v3_csv_es
ocds-dgv273-seacev3-1186866,ocds-dgv273-seacev3-1186866-2026-02-11T10:04:19.102507-05:00,1186866,21198091,PEN,3.356975,2026-02_seace_v3_csv_es
ocds-dgv273-seacev3-1186853,ocds-dgv273-seacev3-1186853-2026-02-11T10:04:15.491871-05:00,1186853,21200430,PEN,3.356975,2026-02_seace_v3_csv_es
ocds-dgv273-seacev3-2026-1922-17,ocds-dgv273-seacev3-2026-1922-17-2026-02-11T10:04:04.319030-05:00,1187305,21200882,PEN,3.356975,2026-02_seace_v3_csv_es
ocds-dgv273-seacev3-1186835,ocds-dgv273-seacev3-1186835-2026-02-11T10:03:45.441957-05:00,1186835,21200413,PEN,3.356975,2026-02_seace_v3_csv_es
ocds-dgv273-seacev3-2026-1947-293,ocds-dgv273-seacev3-2026-1947-293-2026-02-08T10:00:21.569477-05:00,1186749,21197993,PEN,3.356975,2026-02_seace_v3_csv_es
ocds-dgv273-seacev3-2026-1947-322,ocds-dgv273-seacev3-2026-1947-322-2026-02-08T10:00:15.901349-05:00,1186561,21200180,PEN,3.356975,2026-02_seace_v3_csv_es
ocds-dgv273-seacev3-1186791,ocds-dgv273-seacev3-1186791-2026-02-08T10:00:11.503309-05:00,1186791,21198026,PEN,3.9699367225,2026-02_seace_v3_csv_es
ocds-dgv273-seacev3-1186124,ocds-dgv273-seacev3-1186124-2026-02-06T10:03:47.420313-05:00,1186124,21197510,PEN,3.9699367225,2026-02_seace_v3_csv_es
ocds-dgv273-seacev3-1200190,ocds-dgv273-seacev3-1200190-2026-08-28T10:29:47.859270-05:00,1200190,21236920,PEN,3.44677272727273,2026-03_seace_v3_csv_es
ocds-dgv273-seacev3-2026-1960-27,ocds-dgv273-seacev3-2026-1960-27-2026-08-27T10:32:03.924543-05:00,1200361,21234452,PEN,3.44677272727273,2026-03_seace_v3_csv_es
ocds-dgv273-seacev3-2026-2391-113,ocds-dgv273-seacev3-2026-2391-113-2026-08-16T10:07:38.106605-05:00,1201737,21238571,PEN,3.44677272727273,2026-03_seace_v3_csv_es
ocds-dgv273-seacev3-2026-2391-113,ocds-dgv273-seacev3-2026-2391-113-2026-08-16T10:07:38.106605-05:00,1201737,21238571,PEN,3.44677272727273,2026-03_seace_v3_csv_es
ocds-dgv273-seacev3-2026-1922-15,ocds-dgv273-seacev3-2026-1922-15-2026-08-06T10:26:33.583004-05:00,1198841,21229894,PEN,3.44677272727273,2026-03_seace_v3_csv_es
ocds-dgv273-seacev3-1200340,ocds-dgv273-seacev3-1200340-2026-08-05T10:25:24.856879-05:00,1200340,21234632,PEN,3.44677272727273,2026-03_seace_v3_csv_es
ocds-dgv273-seacev3-1200426,ocds-dgv273-seacev3-1200426-2026-08-05T10:25:24.744820-05:00,1200426,21234870,PEN,3.44677272727273,2026-03_seace_v3_csv_es
ocds-dgv273-seacev3-2026-1921-8,ocds-dgv273-seacev3-2026-1921-8-2026-07-23T10:29:17.806996-05:00,1201884,21239490,PEN,3.44677272727273,2026-03_seace_v3_csv_es
ocds-dgv273-seacev3-2026-1921-8,ocds-dgv273-seacev3-2026-1921-8-2026-07-23T10:29:17.806996-05:00,1201884,21239490,PEN,3.44677272727273,2026-03_seace_v3_csv_es
ocds-dgv273-seacev3-2026-1921-8,ocds-dgv273-seacev3-2026-1921-8-2026-07-23T10:29:17.806996-05:00,1201884,21239491,PEN,3.44677272727273,2026-03_seace_v3_csv_es
ocds-dgv273-seacev3-2026-1921-8,ocds-dgv273-seacev3-2026-1921-8-2026-07-23T10:29:17.806996-05:00,1201884,21239491,PEN,3.44677272727273,2026-03_seace_v3_csv_es
ocds-dgv273-seacev3-2026-10248-20,ocds-dgv273-seacev3-2026-10248-20-2026-07-08T12:24:35.737316-05:00,1200916,21236271,PEN,3.44677272727273,2026-03_seace_v3_csv_es
ocds-dgv273-seacev3-2026-10248-20,ocds-dgv273-seacev3-2026-10248-20-2026-07-08T12:24:35.737316-05:00,1200916,21236271,PEN,3.44677272727273,2026-03_seace_v3_csv_es
ocds-dgv273-seacev3-2026-10248-23,ocds-dgv273-seacev3-2026-10248-23-2026-07-08T12:23:11.668010-05:00,1200976,21236435,PEN,3.44677272727273,2026-03_seace_v3_csv_es
ocds-dgv273-seacev3-2026-10248-23,ocds-dgv273-seacev3-2026-10248-23-2026-07-08T12:23:11.668010-05:00,1200976,21236435,PEN,3.44677272727273,2026-03_seace_v3_csv_es
ocds-dgv273-seacev3-2026-10248-22,ocds-dgv273-seacev3-2026-10248-22-2026-07-08T12:22:48.218129-05:00,1200615,21235389,PEN,3.44677272727273,2026-03_seace_v3_csv_es
ocds-dgv273-seacev3-2026-10248-22,ocds-dgv273-seacev3-2026-10248-22-2026-07-08T12:22:48.218129-05:00,1200615,21235389,PEN,3.44677272727273,2026-03_seace_v3_csv_es
ocds-dgv273-seacev3-2026-1926-35,ocds-dgv273-seacev3-2026-1926-35-2026-06-19T10:29:11.299033-05:00,1196982,21225007,PEN,3.44677272727273,2026-03_seace_v3_csv_es
ocds-dgv273-seacev3-2026-1926-35,ocds-dgv273-seacev3-2026-1926-35-2026-06-19T10:29:11.299033-05:00,1196982,21225007,PEN,3.44677272727273,2026-03_seace_v3_csv_es
ocds-dgv273-seacev3-2026-10248-21,ocds-dgv273-seacev3-2026-10248-21-2026-06-18T10:26:23.668359-05:00,1200551,21235148,PEN,3.44677272727273,2026-03_seace_v3_csv_es
ocds-dgv273-seacev3-2026-10248-21,ocds-dgv273-seacev3-2026-10248-21-2026-06-18T10:26:23.668359-05:00,1200551,21235148,PEN,3.44677272727273,2026-03_seace_v3_csv_es
ocds-dgv273-seacev3-2026-2391-112,ocds-dgv273-seacev3-2026-2391-112-2026-06-04T10:35:21.802740-05:00,1194172,21218284,PEN,3.44677272727273,2026-03_seace_v3_csv_es
ocds-dgv273-seacev3-2026-2391-112,ocds-dgv273-seacev3-2026-2391-112-2026-06-04T10:35:21.802740-05:00,1194172,21218284,PEN,3.44677272727273,2026-03_seace_v3_csv_es
ocds-dgv273-seacev3-1199379,ocds-dgv273-seacev3-1199379-2026-05-31T10:14:30.101594-05:00,1199379,21231302,PEN,3.44677272727273,2026-03_seace_v3_csv_es
ocds-dgv273-seacev3-1199379,ocds-dgv273-seacev3-1199379-2026-05-31T10:14:30.101594-05:00,1199379,21231302,PEN,3.44677272727273,2026-03_seace_v3_csv_es
ocds-dgv273-seacev3-2026-1926-122,ocds-dgv273-seacev3-2026-1926-122-2026-05-22T10:33:27.851993-05:00,1202079,21239770,PEN,3.44677272727273,2026-03_seace_v3_csv_es
ocds-dgv273-seacev3-2026-10249-5,ocds-dgv273-seacev3-2026-10249-5-2026-05-16T10:21:21.631638-05:00,1201951,21239626,PEN,3.98563539545455,2026-03_seace_v3_csv_es
ocds-dgv273-seacev3-2026-10249-5,ocds-dgv273-seacev3-2026-10249-5-2026-05-16T10:21:21.631638-05:00,1201951,21239626,PEN,3.98563539545455,2026-03_seace_v3_csv_es
ocds-dgv273-seacev3-1199452,ocds-dgv273-seacev3-1199452-2026-05-15T10:33:56.180356-05:00,1199452,21234293,PEN,3.44677272727273,2026-03_seace_v3_csv_es
ocds-dgv273-seacev3-1200784,ocds-dgv273-seacev3-1200784-2026-05-14T10:36:47.785986-05:00,1200784,21235883,PEN,3.44677272727273,2026-03_seace_v3_csv_es
ocds-dgv273-seacev3-2026-1926-59,ocds-dgv273-seacev3-2026-1926-59-2026-05-10T21:37:43.427083-05:00,1201338,21237368,PEN,3.44677272727273,2026-03_seace_v3_csv_es
ocds-dgv273-seacev3-2026-1926-39,ocds-dgv273-seacev3-2026-1926-39-2026-05-07T10:35:56.800782-05:00,1196237,21223236,PEN,3.44677272727273,2026-03_seace_v3_csv_es
ocds-dgv273-seacev3-1196959,ocds-dgv273-seacev3-1196959-2026-05-07T10:35:33.894869-05:00,1196959,21226019,PEN,3.44677272727273,2026-03_seace_v3_csv_es
ocds-dgv273-seacev3-2026-1926-154,ocds-dgv273-seacev3-2026-1926-154-2026-05-07T10:35:06.211638-05:00,1202110,21241548,PEN,3.44677272727273,2026-03_seace_v3_csv_es
ocds-dgv273-seacev3-2026-1926-87,ocds-dgv273-seacev3-2026-1926-87-2026-05-06T10:32:51.216199-05:00,1201533,21238138,PEN,3.44677272727273,2026-03_seace_v3_csv_es
ocds-dgv273-seacev3-2026-1926-87,ocds-dgv273-seacev3-2026-1926-87-2026-05-06T10:32:51.216199-05:00,1201533,21238138,PEN,3.44677272727273,2026-03_seace_v3_csv_es
ocds-dgv273-seacev3-1193751,ocds-dgv273-seacev3-1193751-2026-05-02T10:08:47.887432-05:00,1193751,21217016,PEN,3.44677272727273,2026-03_seace_v3_csv_es
ocds-dgv273-seacev3-2026-200283-2,ocds-dgv273-seacev3-2026-200283-2-2026-05-02T10:08:29.759013-05:00,1196252,21223332,PEN,3.44677272727273,2026-03_seace_v3_csv_es
ocds-dgv273-seacev3-1201666,ocds-dgv273-seacev3-1201666-2026-05-02T10:08:19.983628-05:00,1201666,21238401,PEN,3.44677272727273,2026-03_seace_v3_csv_es
ocds-dgv273-seacev3-1201303,ocds-dgv273-seacev3-1201303-2026-04-30T10:19:35.946743-05:00,1201303,21237271,PEN,3.44677272727273,2026-03_seace_v3_csv_es
ocds-dgv273-seacev3-2026-1926-43,ocds-dgv273-seacev3-2026-1926-43-2026-04-30T10:19:27.408125-05:00,1199426,21231411,PEN,3.44677272727273,2026-03_seace_v3_csv_es
ocds-dgv273-seacev3-1194255,ocds-dgv273-seacev3-1194255-2026-04-29T10:18:58.158327-05:00,1194255,21225555,PEN,3.44677272727273,2026-03_seace_v3_csv_es
ocds-dgv273-seacev3-1197238,ocds-dgv273-seacev3-1197238-2026-04-29T10:18:46.792804-05:00,1197238,21225542,PEN,3.44677272727273,2026-03_seace_v3_csv_es
ocds-dgv273-seacev3-1197238,ocds-dgv273-seacev3-1197238-2026-04-29T10:18:46.792804-05:00,1197238,21225542,PEN,3.44677272727273,2026-03_seace_v3_csv_es
ocds-dgv273-seacev3-1197574,ocds-dgv273-seacev3-1197574-2026-04-29T10:18:38.976606-05:00,1197574,21226342,PEN,3.44677272727273,2026-03_seace_v3_csv_es
ocds-dgv273-seacev3-2026-2408-92,ocds-dgv273-seacev3-2026-2408-92-2026-04-26T10:13:32.663511-05:00,1200261,21234283,PEN,3.44677272727273,2026-03_seace_v3_csv_es
ocds-dgv273-seacev3-1201672,ocds-dgv273-seacev3-1201672-2026-04-25T10:20:43.898255-05:00,1201672,21238374,PEN,3.44677272727273,2026-03_seace_v3_csv_es
ocds-dgv273-seacev3-1197808,ocds-dgv273-seacev3-1197808-2026-04-25T10:20:15.526331-05:00,1197808,21226961,PEN,3.44677272727273,2026-03_seace_v3_csv_es
ocds-dgv273-seacev3-1192987,ocds-dgv273-seacev3-1192987-2026-04-24T10:18:47.767110-05:00,1192987,21215284,PEN,3.44677272727273,2026-03_seace_v3_csv_es
ocds-dgv273-seacev3-1199980,ocds-dgv273-seacev3-1199980-2026-04-24T10:18:39.658543-05:00,1199980,21233674,PEN,3.44677272727273,2026-03_seace_v3_csv_es
ocds-dgv273-seacev3-1199980,ocds-dgv273-seacev3-1199980-2026-04-24T10:18:39.658543-05:00,1199980,21233674,PEN,3.44677272727273,2026-03_seace_v3_csv_es
ocds-dgv273-seacev3-2026-10249-78,ocds-dgv273-seacev3-2026-10249-78-2026-04-23T10:36:47.406448-05:00,1192343,21213687,PEN,3.44677272727273,2026-03_seace_v3_csv_es
ocds-dgv273-seacev3-1196949,ocds-dgv273-seacev3-1196949-2026-04-23T10:36:34.158274-05:00,1196949,21225944,PEN,3.44677272727273,2026-03_seace_v3_csv_es
ocds-dgv273-seacev3-1201721,ocds-dgv273-seacev3-1201721-2026-04-23T10:36:00.304149-05:00,1201721,21238467,PEN,3.98563539545455,2026-03_seace_v3_csv_es
ocds-dgv273-seacev3-1207320,ocds-dgv273-seacev3-1207320-2026-04-22T10:35:04.629610-05:00,1207320,21253952,PEN,3.44677272727273,2026-03_seace_v3_csv_es
ocds-dgv273-seacev3-2026-1922-11,ocds-dgv273-seacev3-2026-1922-11-2026-04-19T10:08:01.913195-05:00,1201443,21237770,PEN,3.44677272727273,2026-03_seace_v3_csv_es
ocds-dgv273-seacev3-1201899,ocds-dgv273-seacev3-1201899-2026-04-18T10:19:11.347202-05:00,1201899,21241243,PEN,3.44677272727273,2026-03_seace_v3_csv_es
ocds-dgv273-seacev3-1198917,ocds-dgv273-seacev3-1198917-2026-04-16T10:36:45.012713-05:00,1198917,21230423,PEN,3.44677272727273,2026-03_seace_v3_csv_es
ocds-dgv273-seacev3-1192903,ocds-dgv273-seacev3-1192903-2026-04-16T10:36:19.635767-05:00,1192903,21215039,PEN,3.44677272727273,2026-03_seace_v3_csv_es
ocds-dgv273-seacev3-2026-1947-292,ocds-dgv273-seacev3-2026-1947-292-2026-04-16T10:36:04.390318-05:00,1201696,21238445,PEN,3.98563539545455,2026-03_seace_v3_csv_es
ocds-dgv273-seacev3-2026-1947-296,ocds-dgv273-seacev3-2026-1947-296-2026-04-16T10:35:25.070362-05:00,1201835,21239468,PEN,3.44677272727273,2026-03_seace_v3_csv_es
ocds-dgv273-seacev3-2026-1947-329,ocds-dgv273-seacev3-2026-1947-329-2026-04-11T10:15:10.444538-05:00,1200240,21234037,PEN,3.44677272727273,2026-03_seace_v3_csv_es
ocds-dgv273-seacev3-1200561,ocds-dgv273-seacev3-1200561-2026-04-11T10:14:54.216198-05:00,1200561,21235266,PEN,3.44677272727273,2026-03_seace_v3_csv_es
ocds-dgv273-seacev3-1201214,ocds-dgv273-seacev3-1201214-2026-04-11T10:14:47.609940-05:00,1201214,21236997,PEN,3.44677272727273,2026-03_seace_v3_csv_es
ocds-dgv273-seacev3-1192162,ocds-dgv273-seacev3-1192162-2026-04-10T10:15:40.490085-05:00,1192162,21213266,PEN,3.44677272727273,2026-03_seace_v3_csv_es
ocds-dgv273-seacev3-1201946,ocds-dgv273-seacev3-1201946-2026-04-10T10:15:18.759649-05:00,1201946,21241301,PEN,3.44677272727273,2026-03_seace_v3_csv_es
ocds-dgv273-seacev3-1201987,ocds-dgv273-seacev3-1201987-2026-04-10T10:15:09.228399-05:00,1201987,21241391,PEN,3.44677272727273,2026-03_seace_v3_csv_es
ocds-dgv273-seacev3-1202035,ocds-dgv273-seacev3-1202035-2026-04-10T10:15:00.027946-05:00,1202035,21239704,PEN,3.44677272727273,2026-03_seace_v3_csv_es
ocds-dgv273-seacev3-1195746,ocds-dgv273-seacev3-1195746-2026-04-09T10:18:23.119597-05:00,1195746,21222375,PEN,3.44677272727273,2026-03_seace_v3_csv_es
ocds-dgv273-seacev3-2026-13-13,ocds-dgv273-seacev3-2026-13-13-2026-04-09T10:17:46.644099-05:00,1197134,21225367,PEN,3.44677272727273,2026-03_seace_v3_csv_es
ocds-dgv273-seacev3-1201698,ocds-dgv273-seacev3-1201698-2026-04-08T10:12:47.259142-05:00,1201698,21238446,PEN,3.44677272727273,2026-03_seace_v3_csv_es
ocds-dgv273-seacev3-2026-1947-289,ocds-dgv273-seacev3-2026-1947-289-2026-04-08T10:12:28.272052-05:00,1201825,21239445,PEN,3.44677272727273,2026-03_seace_v3_csv_es
ocds-dgv273-seacev3-2026-1947-288,ocds-dgv273-seacev3-2026-1947-288-2026-04-08T10:11:53.535600-05:00,1201842,21238853,PEN,3.44677272727273,2026-03_seace_v3_csv_es
ocds-dgv273-seacev3-1201863,ocds-dgv273-seacev3-1201863-2026-04-08T10:11:51.124292-05:00,1201863,21241120,PEN,3.44677272727273,2026-03_seace_v3_csv_es
ocds-dgv273-seacev3-2026-1947-334,ocds-dgv273-seacev3-2026-1947-334-2026-04-03T10:07:27.857394-05:00,1195165,21221065,PEN,3.44677272727273,2026-03_seace_v3_csv_es
ocds-dgv273-seacev3-2026-1947-339,ocds-dgv273-seacev3-2026-1947-339-2026-04-02T10:14:22.923669-05:00,1201723,21238497,PEN,3.98563539545455,2026-03_seace_v3_csv_es
ocds-dgv273-seacev3-1200903,ocds-dgv273-seacev3-1200903-2026-04-01T10:15:10.858336-05:00,1200903,21235969,PEN,3.44677272727273,2026-03_seace_v3_csv_es
ocds-dgv273-seacev3-2026-1926-15,ocds-dgv273-seacev3-2026-1926-15-2026-04-01T10:15:10.380621-05:00,1195156,21220982,PEN,3.44677272727273,2026-03_seace_v3_csv_es
ocds-dgv273-seacev3-1195970,ocds-dgv273-seacev3-1195970-2026-04-01T10:14:47.308604-05:00,1195970,21222730,PEN,3.44677272727273,2026-03_seace_v3_csv_es
ocds-dgv273-seacev3-1200810,ocds-dgv273-seacev3-1200810-2026-04-01T10:14:35.621958-05:00,1200810,21236166,PEN,3.44677272727273,2026-03_seace_v3_csv_es
ocds-dgv273-seacev3-2026-2432-38,ocds-dgv273-seacev3-2026-2432-38-2026-03-29T10:02:54.958842-05:00,1200883,21235954,PEN,3.44677272727273,2026-03_seace_v3_csv_es
ocds-dgv273-seacev3-1200387,ocds-dgv273-seacev3-1200387-2026-03-29T10:02:54.692915-05:00,1200387,21234838,PEN,3.44677272727273,2026-03_seace_v3_csv_es
ocds-dgv273-seacev3-1200319,ocds-dgv273-seacev3-1200319-2026-03-29T10:02:30.750686-05:00,1200319,21234564,PEN,3.44677272727273,2026-03_seace_v3_csv_es
ocds-dgv273-seacev3-1200319,ocds-dgv273-seacev3-1200319-2026-03-29T10:02:30.750686-05:00,1200319,21234563,PEN,3.44677272727273,2026-03_seace_v3_csv_es
ocds-dgv273-seacev3-1199890,ocds-dgv273-seacev3-1199890-2026-03-28T10:10:59.750289-05:00,1199890,21233024,PEN,3.98563539545455,2026-03_seace_v3_csv_es
ocds-dgv273-seacev3-1199981,ocds-dgv273-seacev3-1199981-2026-03-28T10:10:57.350870-05:00,1199981,21233173,PEN,3.44677272727273,2026-03_seace_v3_csv_es
ocds-dgv273-seacev3-1199797,ocds-dgv273-seacev3-1199797-2026-03-28T10:10:57.222349-05:00,1199797,21232842,PEN,3.44677272727273,2026-03_seace_v3_csv_es
ocds-dgv273-seacev3-1198106,ocds-dgv273-seacev3-1198106-2026-03-28T10:10:35.153811-05:00,1198106,21227836,PEN,3.44677272727273,2026-03_seace_v3_csv_es
ocds-dgv273-seacev3-1200181,ocds-dgv273-seacev3-1200181-2026-03-28T10:10:14.217307-05:00,1200181,21233851,PEN,3.44677272727273,2026-03_seace_v3_csv_es
ocds-dgv273-seacev3-1198543,ocds-dgv273-seacev3-1198543-2026-03-28T10:10:14.046943-05:00,1198543,21229026,PEN,3.44677272727273,2026-03_seace_v3_csv_es
ocds-dgv273-seacev3-1200171,ocds-dgv273-seacev3-1200171-2026-03-28T10:09:57.219603-05:00,1200171,21233876,PEN,3.44677272727273,2026-03_seace_v3_csv_es
ocds-dgv273-seacev3-1200074,ocds-dgv273-seacev3-1200074-2026-03-28T10:09:54.386609-05:00,1200074,21233590,PEN,3.44677272727273,2026-03_seace_v3_csv_es
ocds-dgv273-seacev3-1198665,ocds-dgv273-seacev3-1198665-2026-03-27T10:16:07.437210-05:00,1198665,21229348,PEN,3.44677272727273,2026-03_seace_v3_csv_es
ocds-dgv273-seacev3-1199352,ocds-dgv273-seacev3-1199352-2026-03-27T10:15:57.880293-05:00,1199352,21231279,PEN,3.44677272727273,2026-03_seace_v3_csv_es
ocds-dgv273-seacev3-2026-2000-5,ocds-dgv273-seacev3-2026-2000-5-2026-03-26T10:13:10.736063-05:00,1193092,21215509,PEN,3.44677272727273,2026-03_seace_v3_csv_es
ocds-dgv273-seacev3-1198847,ocds-dgv273-seacev3-1198847-2026-03-25T10:13:48.599427-05:00,1198847,21230481,PEN,3.44677272727273,2026-03_seace_v3_csv_es
ocds-dgv273-seacev3-1197252,ocds-dgv273-seacev3-1197252-2026-03-25T10:13:47.621277-05:00,1197252,21225587,PEN,3.44677272727273,2026-03_seace_v3_csv_es
ocds-dgv273-seacev3-1196820,ocds-dgv273-seacev3-1196820-2026-03-25T10:13:46.673470-05:00,1196820,21224943,PEN,3.44677272727273,2026-03_seace_v3_csv_es
ocds-dgv273-seacev3-1198414,ocds-dgv273-seacev3-1198414-2026-03-25T10:13:40.244509-05:00,1198414,21228487,PEN,3.44677272727273,2026-03_seace_v3_csv_es
ocds-dgv273-seacev3-1198391,ocds-dgv273-seacev3-1198391-2026-03-25T10:13:29.549693-05:00,1198391,21228482,PEN,3.44677272727273,2026-03_seace_v3_csv_es
ocds-dgv273-seacev3-1198395,ocds-dgv273-seacev3-1198395-2026-03-25T10:13:17.028582-05:00,1198395,21228502,PEN,3.44677272727273,2026-03_seace_v3_csv_es
ocds-dgv273-seacev3-1196231,ocds-dgv273-seacev3-1196231-2026-03-25T10:13:09.457586-05:00,1196231,21223235,PEN,3.44677272727273,2026-03_seace_v3_csv_es
ocds-dgv273-seacev3-1197534,ocds-dgv273-seacev3-1197534-2026-03-25T10:13:08.316673-05:00,1197534,21226412,PEN,3.44677272727273,2026-03_seace_v3_csv_es
ocds-dgv273-seacev3-1196009,ocds-dgv273-seacev3-1196009-2026-03-25T10:12:46.314643-05:00,1196009,21224386,PEN,3.44677272727273,2026-03_seace_v3_csv_es
ocds-dgv273-seacev3-1197709,ocds-dgv273-seacev3-1197709-2026-03-22T10:01:49.410203-05:00,1197709,21226740,PEN,3.44677272727273,2026-03_seace_v3_csv_es
ocds-dgv273-seacev3-1197679,ocds-dgv273-seacev3-1197679-2026-03-22T10:01:36.423710-05:00,1197679,21226716,PEN,3.44677272727273,2026-03_seace_v3_csv_es
ocds-dgv273-seacev3-1196575,ocds-dgv273-seacev3-1196575-2026-03-21T10:09:42.630962-05:00,1196575,21224144,PEN,3.44677272727273,2026-03_seace_v3_csv_es
ocds-dgv273-seacev3-2026-1947-10,ocds-dgv273-seacev3-2026-1947-10-2026-03-20T10:13:19.305760-05:00,1195701,21222295,PEN,3.44677272727273,2026-03_seace_v3_csv_es
ocds-dgv273-seacev3-2026-1947-98,ocds-dgv273-seacev3-2026-1947-98-2026-03-19T10:13:22.833411-05:00,1196211,21223262,PEN,3.44677272727273,2026-03_seace_v3_csv_es
ocds-dgv273-seacev3-1193331,ocds-dgv273-seacev3-1193331-2026-03-19T10:13:05.142417-05:00,1193331,21216302,PEN,3.44677272727273,2026-03_seace_v3_csv_es
ocds-dgv273-seacev3-1196324,ocds-dgv273-seacev3-1196324-2026-03-19T10:12:55.510746-05:00,1196324,21223543,PEN,3.44677272727273,2026-03_seace_v3_csv_es
ocds-dgv273-seacev3-1196334,ocds-dgv273-seacev3-1196334-2026-03-19T10:12:41.790912-05:00,1196334,21223694,PEN,3.44677272727273,2026-03_seace_v3_csv_es
ocds-dgv273-seacev3-1193525,ocds-dgv273-seacev3-1193525-2026-03-18T10:12:26.382415-05:00,1193525,21216602,PEN,3.98563539545455,2026-03_seace_v3_csv_es
ocds-dgv273-seacev3-1195528,ocds-dgv273-seacev3-1195528-2026-03-15T10:15:40.153280-05:00,1195528,21221864,PEN,3.44677272727273,2026-03_seace_v3_csv_es
ocds-dgv273-seacev3-2026-1947-110,ocds-dgv273-seacev3-2026-1947-110-2026-03-15T10:15:39.444871-05:00,1194615,21219656,PEN,3.44677272727273,2026-03_seace_v3_csv_es
ocds-dgv273-seacev3-1195314,ocds-dgv273-seacev3-1195314-2026-03-15T10:15:34.397367-05:00,1195314,21221563,PEN,3.44677272727273,2026-03_seace_v3_csv_es
ocds-dgv273-seacev3-1192583,ocds-dgv273-seacev3-1192583-2026-03-15T10:15:04.327240-05:00,1192583,21214269,PEN,3.44677272727273,2026-03_seace_v3_csv_es
ocds-dgv273-seacev3-1195297,ocds-dgv273-seacev3-1195297-2026-03-15T10:14:49.540871-05:00,1195297,21221517,PEN,3.44677272727273,2026-03_seace_v3_csv_es
ocds-dgv273-seacev3-2026-1947-78,ocds-dgv273-seacev3-2026-1947-78-2026-03-15T10:14:49.210218-05:00,1195137,21221052,PEN,3.44677272727273,2026-03_seace_v3_csv_es
ocds-dgv273-seacev3-1195219,ocds-dgv273-seacev3-1195219-2026-03-15T10:14:16.068095-05:00,1195219,21221107,PEN,3.44677272727273,2026-03_seace_v3_csv_es
ocds-dgv273-seacev3-1193972,ocds-dgv273-seacev3-1193972-2026-03-11T10:12:53.329423-05:00,1193972,21217916,PEN,3.44677272727273,2026-03_seace_v3_csv_es
ocds-dgv273-seacev3-1192553,ocds-dgv273-seacev3-1192553-2026-03-05T10:10:54.163365-05:00,1192553,21214256,PEN,3.44677272727273,2026-03_seace_v3_csv_es
